index,event_announcement_date,effective_date,action,symbol,source_url,source_type,confidence,notes,canonical_effect,application_result,application_reason
NIFTYNEXT50,2026-04-23,2026-04-30,ADD,DUMMYVEDL1,https://www.niftyindices.com/Press_Release/ind_prs23042026.pdf,NSE/Nifty press release,OFFICIAL_PRIMARY,Vedanta demerger placeholder; zero price; excluded from canonical membership,DUMMY,NOOP_DUMMY_EXCLUDED,DUMMY* event retained for audit but excluded from canonical membership
NIFTYNEXT50,2026-04-23,2026-04-30,ADD,DUMMYVEDL2,https://www.niftyindices.com/Press_Release/ind_prs23042026.pdf,NSE/Nifty press release,OFFICIAL_PRIMARY,Vedanta demerger placeholder; zero price; excluded from canonical membership,DUMMY,NOOP_DUMMY_EXCLUDED,DUMMY* event retained for audit but excluded from canonical membership
NIFTYNEXT50,2026-04-23,2026-04-30,ADD,DUMMYVEDL3,https://www.niftyindices.com/Press_Release/ind_prs23042026.pdf,NSE/Nifty press release,OFFICIAL_PRIMARY,Vedanta demerger placeholder; zero price; excluded from canonical membership,DUMMY,NOOP_DUMMY_EXCLUDED,DUMMY* event retained for audit but excluded from canonical membership
NIFTYNEXT50,2026-04-23,2026-04-30,ADD,DUMMYVEDL4,https://www.niftyindices.com/Press_Release/ind_prs23042026.pdf,NSE/Nifty press release,OFFICIAL_PRIMARY,Vedanta demerger placeholder; zero price; excluded from canonical membership,DUMMY,NOOP_DUMMY_EXCLUDED,DUMMY* event retained for audit but excluded from canonical membership
NIFTYMICROCAP250,2026-05-04,2026-05-12,REMOVE,CIEINDIA,https://www.niftyindices.com/Press_Release/ind_prs04052026.pdf,NSE/Nifty press release,OFFICIAL_PRIMARY,Replacement,REAL,NOOP_REMOVE_NOT_ACTIVE,No active interval for this symbol at the official effective date
NIFTYSMALLCAP250,2026-05-04,2026-05-12,REMOVE,GSPL,https://www.niftyindices.com/Press_Release/ind_prs04052026.pdf,NSE/Nifty press release,OFFICIAL_PRIMARY,Replacement,REAL,NOOP_REMOVE_NOT_ACTIVE,No active interval for this symbol at the official effective date
NIFTYMICROCAP250,2026-05-04,2026-05-12,ADD,RATNAMANI,https://www.niftyindices.com/Press_Release/ind_prs04052026.pdf,NSE/Nifty press release,OFFICIAL_PRIMARY,Replacement,REAL,NOOP_ADD_ALREADY_ACTIVE,Symbol was already active at the official effective date
NIFTYSMALLCAP250,2026-05-04,2026-05-12,ADD,CIEINDIA,https://www.niftyindices.com/Press_Release/ind_prs04052026.pdf,NSE/Nifty press release,OFFICIAL_PRIMARY,Replacement,REAL,APPLIED_ADD,Created interval at official effective date
NIFTYMICROCAP250,2026-05-08,2026-05-15,REMOVE,CIGNITITEC,https://www.niftyindices.com/Press_Release/ind_prs08052026.pdf,NSE/Nifty press release,OFFICIAL_PRIMARY,Amalgamation into Coforge,REAL,NOOP_REMOVE_NOT_ACTIVE,No active interval for this symbol at the official effective date
NIFTYMICROCAP250,2026-05-08,2026-05-15,ADD,SANOFICONR,https://www.niftyindices.com/Press_Release/ind_prs08052026.pdf,NSE/Nifty press release,OFFICIAL_PRIMARY,Replacement after Cigniti amalgamation,REAL,NOOP_ADD_ALREADY_ACTIVE,Symbol was already active at the official effective date
NIFTYNEXT50,2026-06-11,2026-06-15,ADD,VEDPOWER,https://nsearchives.nseindia.com/content/circulars/CML74668.pdf,NSE listing circular,OFFICIAL_PRIMARY,Real-symbol identity transition from the DUMMY demerger placeholder; admitted to trading on NSE effective 2026-06-15,REAL,APPLIED_ADD,Created interval at official effective date
NIFTYNEXT50,2026-06-11,2026-06-15,ADD,VISL,https://nsearchives.nseindia.com/content/circulars/CML74664.pdf,NSE listing circular,OFFICIAL_PRIMARY,Real-symbol identity transition from the DUMMY demerger placeholder; admitted to trading on NSE effective 2026-06-15,REAL,APPLIED_ADD,Created interval at official effective date
NIFTYNEXT50,2026-06-11,2026-06-15,ADD,VAML,https://nsearchives.nseindia.com/content/circulars/CML74659.pdf,NSE listing circular,OFFICIAL_PRIMARY,Real-symbol identity transition from the DUMMY demerger placeholder; admitted to trading on NSE effective 2026-06-15,REAL,APPLIED_ADD,Created interval at official effective date
NIFTYNEXT50,2026-06-11,2026-06-15,ADD,VOGL,https://nsearchives.nseindia.com/content/circulars/CML74666.pdf,NSE listing circular,OFFICIAL_PRIMARY,Real-symbol identity transition from the DUMMY demerger placeholder; admitted to trading on NSE effective 2026-06-15,REAL,APPLIED_ADD,Created interval at official effective date
NIFTYNEXT50,2026-06-17,2026-06-19,REMOVE,VEDPOWER,https://www.niftyindices.com/Press_Release/ind_prs17062026.pdf,NSE/Nifty press release,OFFICIAL_PRIMARY,Vedanta demerger entity excluded after listing,REAL,APPLIED_REMOVE,Closed active interval at official effective date
NIFTYNEXT50,2026-06-17,2026-06-19,REMOVE,VISL,https://www.niftyindices.com/Press_Release/ind_prs17062026.pdf,NSE/Nifty press release,OFFICIAL_PRIMARY,Vedanta demerger entity excluded after listing,REAL,APPLIED_REMOVE,Closed active interval at official effective date
NIFTYNEXT50,2026-06-19,2026-06-23,REMOVE,VAML,https://www.niftyindices.com/Press_Release/ind_prs19062026.pdf,NSE/Nifty press release,OFFICIAL_PRIMARY,Vedanta demerger entity excluded after listing,REAL,APPLIED_REMOVE,Closed active interval at official effective date
NIFTYNEXT50,2026-06-22,2026-06-24,REMOVE,VOGL,https://www.niftyindices.com/Press_Release/ind_prs22062026.pdf,NSE/Nifty press release,OFFICIAL_PRIMARY,Vedanta demerger entity excluded after listing,REAL,APPLIED_REMOVE,Closed active interval at official effective date
NIFTYMICROCAP250,2026-07-13,2026-07-17,REMOVE,PFOCUS,https://www.niftyindices.com/Press_Release/ind_prs13072026_1.pdf,NSE/Nifty press release,OFFICIAL_PRIMARY,Replacement following amalgamation into Torrent,REAL,APPLIED_REMOVE,Closed active interval at official effective date
NIFTYSMALLCAP250,2026-07-13,2026-07-17,REMOVE,JBCHEPHARM,https://www.niftyindices.com/Press_Release/ind_prs13072026_1.pdf,NSE/Nifty press release,OFFICIAL_PRIMARY,Replacement following amalgamation into Torrent,REAL,APPLIED_REMOVE,Closed active interval at official effective date
NIFTYMICROCAP250,2026-07-13,2026-07-17,ADD,GRINDWELL,https://www.niftyindices.com/Press_Release/ind_prs13072026_1.pdf,NSE/Nifty press release,OFFICIAL_PRIMARY,Replacement following amalgamation into Torrent,REAL,APPLIED_ADD,Created interval at official effective date
NIFTYSMALLCAP250,2026-07-13,2026-07-17,ADD,PFOCUS,https://www.niftyindices.com/Press_Release/ind_prs13072026_1.pdf,NSE/Nifty press release,OFFICIAL_PRIMARY,Replacement following amalgamation into Torrent,REAL,APPLIED_ADD,Created interval at official effective date
NIFTYMICROCAP250,2026-07-17,2026-07-22,ADD,DUMMYTRVN,https://www.niftyindices.com/Press_Release/ind_prs17072026.pdf,NSE/Nifty press release,OFFICIAL_PRIMARY,Triveni demerger placeholder; zero price; excluded from canonical membership,DUMMY,NOOP_DUMMY_EXCLUDED,DUMMY* event retained for audit but excluded from canonical membership
NIFTYMICROCAP250,2026-07-20,2026-07-22,REMOVE,DUMMYALCAR,https://www.niftyindices.com/Press_Release/ind_prs20072026.pdf,NSE/Nifty press release,OFFICIAL_PRIMARY,Allcargo Global demerger placeholder removed,DUMMY,NOOP_DUMMY_EXCLUDED,DUMMY* event retained for audit but excluded from canonical membership
NIFTYMICROCAP250,2026-07-28,2026-07-31,ADD,DUMMYINXGN,https://www.niftyindices.com/Press_Release/ind_prs28072026_1.pdf,NSE/Nifty press release,OFFICIAL_PRIMARY,Inox Green demerger placeholder; zero price; excluded from canonical membership,DUMMY,NOOP_DUMMY_EXCLUDED,DUMMY* event retained for audit but excluded from canonical membership
NIFTYMICROCAP250,2026-08-26,2026-09-02,ADD,DUMMYINGL1,https://www.niftyindices.com/Press_Release/ind_prs26082026_1.pdf,NSE/Nifty press release,OFFICIAL_PRIMARY,India Glycols demerger placeholder; excluded from canonical membership,DUMMY,NOOP_DUMMY_EXCLUDED,DUMMY* event retained for audit but excluded from canonical membership
NIFTYMICROCAP250,2026-08-26,2026-09-02,ADD,DUMMYINGL2,https://www.niftyindices.com/Press_Release/ind_prs26082026_1.pdf,NSE/Nifty press release,OFFICIAL_PRIMARY,India Glycols demerger placeholder; excluded from canonical membership,DUMMY,NOOP_DUMMY_EXCLUDED,DUMMY* event retained for audit but excluded from canonical membership
NIFTYSMALLCAP250,2026-09-03,2026-09-07,ADD,DUMMYHEG,https://www.niftyindices.com/Press_Release/ind_prs03092026.pdf,NSE/Nifty press release,OFFICIAL_PRIMARY,HEG Graphite demerger placeholder; zero price; excluded from canonical membership,DUMMY,NOOP_DUMMY_EXCLUDED,DUMMY* event retained for audit but excluded from canonical membership
NIFTY50,2026-08-10,2026-09-30,REMOVE,WIPRO,https://www.niftyindices.com/Press_Release/ind_prs10082026.pdf,NSE/Nifty press release,OFFICIAL_PRIMARY,Semi-annual broad-market review,REAL,APPLIED_REMOVE,Closed active interval at official effective date
NIFTYMICROCAP250,2026-08-10,2026-09-30,REMOVE,AARTIDRUGS,https://www.niftyindices.com/Press_Release/ind_prs10082026.pdf,NSE/Nifty press release,OFFICIAL_PRIMARY,Semi-annual broad-market review,REAL,APPLIED_REMOVE,Closed active interval at official effective date
NIFTYMICROCAP250,2026-08-10,2026-09-30,REMOVE,AETHER,https://www.niftyindices.com/Press_Release/ind_prs10082026.pdf,NSE/Nifty press release,OFFICIAL_PRIMARY,Semi-annual broad-market review,REAL,APPLIED_REMOVE,Closed active interval at official effective date
NIFTYMICROCAP250,2026-08-10,2026-09-30,REMOVE,AGARWALEYE,https://www.niftyindices.com/Press_Release/ind_prs10082026.pdf,NSE/Nifty press release,OFFICIAL_PRIMARY,Semi-annual broad-market review,REAL,APPLIED_REMOVE,Closed active interval at official effective date
NIFTYMICROCAP250,2026-08-10,2026-09-30,REMOVE,AHLUCONT,https://www.niftyindices.com/Press_Release/ind_prs10082026.pdf,NSE/Nifty press release,OFFICIAL_PRIMARY,Semi-annual broad-market review,REAL,APPLIED_REMOVE,Closed active interval at official effective date
NIFTYMICROCAP250,2026-08-10,2026-09-30,REMOVE,ALIVUS,https://www.niftyindices.com/Press_Release/ind_prs10082026.pdf,NSE/Nifty press release,OFFICIAL_PRIMARY,Semi-annual broad-market review,REAL,APPLIED_REMOVE,Closed active interval at official effective date
NIFTYMICROCAP250,2026-08-10,2026-09-30,REMOVE,ALOKINDS,https://www.niftyindices.com/Press_Release/ind_prs10082026.pdf,NSE/Nifty press release,OFFICIAL_PRIMARY,Semi-annual broad-market review,REAL,APPLIED_REMOVE,Closed active interval at official effective date
NIFTYMICROCAP250,2026-08-10,2026-09-30,REMOVE,ANUP,https://www.niftyindices.com/Press_Release/ind_prs10082026.pdf,NSE/Nifty press release,OFFICIAL_PRIMARY,Semi-annual broad-market review,REAL,APPLIED_REMOVE,Closed active interval at official effective date
NIFTYMICROCAP250,2026-08-10,2026-09-30,REMOVE,APLLTD,https://www.niftyindices.com/Press_Release/ind_prs10082026.pdf,NSE/Nifty press release,OFFICIAL_PRIMARY,Semi-annual broad-market review,REAL,APPLIED_REMOVE,Closed active interval at official effective date
NIFTYMICROCAP250,2026-08-10,2026-09-30,REMOVE,ASKAUTOLTD,https://www.niftyindices.com/Press_Release/ind_prs10082026.pdf,NSE/Nifty press release,OFFICIAL_PRIMARY,Semi-annual broad-market review,REAL,APPLIED_REMOVE,Closed active interval at official effective date
NIFTYMICROCAP250,2026-08-10,2026-09-30,REMOVE,AVANTIFEED,https://www.niftyindices.com/Press_Release/ind_prs10082026.pdf,NSE/Nifty press release,OFFICIAL_PRIMARY,Semi-annual broad-market review,REAL,APPLIED_REMOVE,Closed active interval at official effective date
NIFTYMICROCAP250,2026-08-10,2026-09-30,REMOVE,AWFIS,https://www.niftyindices.com/Press_Release/ind_prs10082026.pdf,NSE/Nifty press release,OFFICIAL_PRIMARY,Semi-annual broad-market review,REAL,APPLIED_REMOVE,Closed active interval at official effective date
NIFTYMICROCAP250,2026-08-10,2026-09-30,REMOVE,AZAD,https://www.niftyindices.com/Press_Release/ind_prs10082026.pdf,NSE/Nifty press release,OFFICIAL_PRIMARY,Semi-annual broad-market review,REAL,APPLIED_REMOVE,Closed active interval at official effective date
NIFTYMICROCAP250,2026-08-10,2026-09-30,REMOVE,BAJAJELEC,https://www.niftyindices.com/Press_Release/ind_prs10082026.pdf,NSE/Nifty press release,OFFICIAL_PRIMARY,Semi-annual broad-market review,REAL,APPLIED_REMOVE,Closed active interval at official effective date
NIFTYMICROCAP250,2026-08-10,2026-09-30,REMOVE,BBOX,https://www.niftyindices.com/Press_Release/ind_prs10082026.pdf,NSE/Nifty press release,OFFICIAL_PRIMARY,Semi-annual broad-market review,REAL,APPLIED_REMOVE,Closed active interval at official effective date
NIFTYMICROCAP250,2026-08-10,2026-09-30,REMOVE,CENTURYPLY,https://www.niftyindices.com/Press_Release/ind_prs10082026.pdf,NSE/Nifty press release,OFFICIAL_PRIMARY,Semi-annual broad-market review,REAL,APPLIED_REMOVE,Closed active interval at official effective date
NIFTYMICROCAP250,2026-08-10,2026-09-30,REMOVE,CORONA,https://www.niftyindices.com/Press_Release/ind_prs10082026.pdf,NSE/Nifty press release,OFFICIAL_PRIMARY,Semi-annual broad-market review,REAL,APPLIED_REMOVE,Closed active interval at official effective date
NIFTYMICROCAP250,2026-08-10,2026-09-30,REMOVE,CRIZAC,https://www.niftyindices.com/Press_Release/ind_prs10082026.pdf,NSE/Nifty press release,OFFICIAL_PRIMARY,Semi-annual broad-market review,REAL,APPLIED_REMOVE,Closed active interval at official effective date
NIFTYMICROCAP250,2026-08-10,2026-09-30,REMOVE,CUPID,https://www.niftyindices.com/Press_Release/ind_prs10082026.pdf,NSE/Nifty press release,OFFICIAL_PRIMARY,Semi-annual broad-market review,REAL,APPLIED_REMOVE,Closed active interval at official effective date
NIFTYMICROCAP250,2026-08-10,2026-09-30,REMOVE,ETHOSLTD,https://www.niftyindices.com/Press_Release/ind_prs10082026.pdf,NSE/Nifty press release,OFFICIAL_PRIMARY,Semi-annual broad-market review,REAL,APPLIED_REMOVE,Closed active interval at official effective date
NIFTYMICROCAP250,2026-08-10,2026-09-30,REMOVE,EUREKAFORB,https://www.niftyindices.com/Press_Release/ind_prs10082026.pdf,NSE/Nifty press release,OFFICIAL_PRIMARY,Semi-annual broad-market review,REAL,APPLIED_REMOVE,Closed active interval at official effective date
NIFTYMICROCAP250,2026-08-10,2026-09-30,REMOVE,GHCL,https://www.niftyindices.com/Press_Release/ind_prs10082026.pdf,NSE/Nifty press release,OFFICIAL_PRIMARY,Semi-annual broad-market review,REAL,APPLIED_REMOVE,Closed active interval at official effective date
NIFTYMICROCAP250,2026-08-10,2026-09-30,REMOVE,GMMPFAUDLR,https://www.niftyindices.com/Press_Release/ind_prs10082026.pdf,NSE/Nifty press release,OFFICIAL_PRIMARY,Semi-annual broad-market review,REAL,APPLIED_REMOVE,Closed active interval at official effective date
NIFTYMICROCAP250,2026-08-10,2026-09-30,REMOVE,HEMIPROP,https://www.niftyindices.com/Press_Release/ind_prs10082026.pdf,NSE/Nifty press release,OFFICIAL_PRIMARY,Semi-annual broad-market review,REAL,APPLIED_REMOVE,Closed active interval at official effective date
NIFTYMICROCAP250,2026-08-10,2026-09-30,REMOVE,INDIASHLTR,https://www.niftyindices.com/Press_Release/ind_prs10082026.pdf,NSE/Nifty press release,OFFICIAL_PRIMARY,Semi-annual broad-market review,REAL,APPLIED_REMOVE,Closed active interval at official effective date
NIFTYMICROCAP250,2026-08-10,2026-09-30,REMOVE,INOXGREEN,https://www.niftyindices.com/Press_Release/ind_prs10082026.pdf,NSE/Nifty press release,OFFICIAL_PRIMARY,Semi-annual broad-market review,REAL,APPLIED_REMOVE,Closed active interval at official effective date
NIFTYMICROCAP250,2026-08-10,2026-09-30,REMOVE,INOXINDIA,https://www.niftyindices.com/Press_Release/ind_prs10082026.pdf,NSE/Nifty press release,OFFICIAL_PRIMARY,Semi-annual broad-market review,REAL,APPLIED_REMOVE,Closed active interval at official effective date
NIFTYMICROCAP250,2026-08-10,2026-09-30,REMOVE,JKLAKSHMI,https://www.niftyindices.com/Press_Release/ind_prs10082026.pdf,NSE/Nifty press release,OFFICIAL_PRIMARY,Semi-annual broad-market review,REAL,APPLIED_REMOVE,Closed active interval at official effective date
NIFTYMICROCAP250,2026-08-10,2026-09-30,REMOVE,JLHL,https://www.niftyindices.com/Press_Release/ind_prs10082026.pdf,NSE/Nifty press release,OFFICIAL_PRIMARY,Semi-annual broad-market review,REAL,APPLIED_REMOVE,Closed active interval at official effective date
NIFTYMICROCAP250,2026-08-10,2026-09-30,REMOVE,KIRLOSBROS,https://www.niftyindices.com/Press_Release/ind_prs10082026.pdf,NSE/Nifty press release,OFFICIAL_PRIMARY,Semi-annual broad-market review,REAL,APPLIED_REMOVE,Closed active interval at official effective date
NIFTYMICROCAP250,2026-08-10,2026-09-30,REMOVE,KSB,https://www.niftyindices.com/Press_Release/ind_prs10082026.pdf,NSE/Nifty press release,OFFICIAL_PRIMARY,Semi-annual broad-market review,REAL,APPLIED_REMOVE,Closed active interval at official effective date
NIFTYMICROCAP250,2026-08-10,2026-09-30,REMOVE,MAHSCOOTER,https://www.niftyindices.com/Press_Release/ind_prs10082026.pdf,NSE/Nifty press release,OFFICIAL_PRIMARY,Semi-annual broad-market review,REAL,APPLIED_REMOVE,Closed active interval at official effective date
NIFTYMICROCAP250,2026-08-10,2026-09-30,REMOVE,MAHSEAMLES,https://www.niftyindices.com/Press_Release/ind_prs10082026.pdf,NSE/Nifty press release,OFFICIAL_PRIMARY,Semi-annual broad-market review,REAL,APPLIED_REMOVE,Closed active interval at official effective date
NIFTYMICROCAP250,2026-08-10,2026-09-30,REMOVE,MTARTECH,https://www.niftyindices.com/Press_Release/ind_prs10082026.pdf,NSE/Nifty press release,OFFICIAL_PRIMARY,Semi-annual broad-market review,REAL,APPLIED_REMOVE,Closed active interval at official effective date
NIFTYMICROCAP250,2026-08-10,2026-09-30,REMOVE,NESCO,https://www.niftyindices.com/Press_Release/ind_prs10082026.pdf,NSE/Nifty press release,OFFICIAL_PRIMARY,Semi-annual broad-market review,REAL,APPLIED_REMOVE,Closed active interval at official effective date
NIFTYMICROCAP250,2026-08-10,2026-09-30,REMOVE,OPTIEMUS,https://www.niftyindices.com/Press_Release/ind_prs10082026.pdf,NSE/Nifty press release,OFFICIAL_PRIMARY,Semi-annual broad-market review,REAL,APPLIED_REMOVE,Closed active interval at official effective date
NIFTYMICROCAP250,2026-08-10,2026-09-30,REMOVE,ORIENTCEM,https://www.niftyindices.com/Press_Release/ind_prs10082026.pdf,NSE/Nifty press release,OFFICIAL_PRIMARY,Semi-annual broad-market review,REAL,APPLIED_REMOVE,Closed active interval at official effective date
NIFTYMICROCAP250,2026-08-10,2026-09-30,REMOVE,ORKLAINDIA,https://www.niftyindices.com/Press_Release/ind_prs10082026.pdf,NSE/Nifty press release,OFFICIAL_PRIMARY,Semi-annual broad-market review,REAL,APPLIED_REMOVE,Closed active interval at official effective date
NIFTYMICROCAP250,2026-08-10,2026-09-30,REMOVE,PRIVISCL,https://www.niftyindices.com/Press_Release/ind_prs10082026.pdf,NSE/Nifty press release,OFFICIAL_PRIMARY,Semi-annual broad-market review,REAL,APPLIED_REMOVE,Closed active interval at official effective date
NIFTYMICROCAP250,2026-08-10,2026-09-30,REMOVE,PRSMJOHNSN,https://www.niftyindices.com/Press_Release/ind_prs10082026.pdf,NSE/Nifty press release,OFFICIAL_PRIMARY,Semi-annual broad-market review,REAL,APPLIED_REMOVE,Closed active interval at official effective date
NIFTYMICROCAP250,2026-08-10,2026-09-30,REMOVE,PRUDENT,https://www.niftyindices.com/Press_Release/ind_prs10082026.pdf,NSE/Nifty press release,OFFICIAL_PRIMARY,Semi-annual broad-market review,REAL,APPLIED_REMOVE,Closed active interval at official effective date
NIFTYMICROCAP250,2026-08-10,2026-09-30,REMOVE,REDTAPE,https://www.niftyindices.com/Press_Release/ind_prs10082026.pdf,NSE/Nifty press release,OFFICIAL_PRIMARY,Semi-annual broad-market review,REAL,APPLIED_REMOVE,Closed active interval at official effective date
NIFTYMICROCAP250,2026-08-10,2026-09-30,REMOVE,RTNINDIA,https://www.niftyindices.com/Press_Release/ind_prs10082026.pdf,NSE/Nifty press release,OFFICIAL_PRIMARY,Semi-annual broad-market review,REAL,APPLIED_REMOVE,Closed active interval at official effective date
NIFTYMICROCAP250,2026-08-10,2026-09-30,REMOVE,RUBICON,https://www.niftyindices.com/Press_Release/ind_prs10082026.pdf,NSE/Nifty press release,OFFICIAL_PRIMARY,Semi-annual broad-market review,REAL,APPLIED_REMOVE,Closed active interval at official effective date
NIFTYMICROCAP250,2026-08-10,2026-09-30,REMOVE,SAATVIKGL,https://www.niftyindices.com/Press_Release/ind_prs10082026.pdf,NSE/Nifty press release,OFFICIAL_PRIMARY,Semi-annual broad-market review,REAL,APPLIED_REMOVE,Closed active interval at official effective date
NIFTYMICROCAP250,2026-08-10,2026-09-30,REMOVE,SANOFICONR,https://www.niftyindices.com/Press_Release/ind_prs10082026.pdf,NSE/Nifty press release,OFFICIAL_PRIMARY,Semi-annual broad-market review,REAL,APPLIED_REMOVE,Closed active interval at official effective date
NIFTYMICROCAP250,2026-08-10,2026-09-30,REMOVE,SANSERA,https://www.niftyindices.com/Press_Release/ind_prs10082026.pdf,NSE/Nifty press release,OFFICIAL_PRIMARY,Semi-annual broad-market review,REAL,APPLIED_REMOVE,Closed active interval at official effective date
NIFTYMICROCAP250,2026-08-10,2026-09-30,REMOVE,SHRIPISTON,https://www.niftyindices.com/Press_Release/ind_prs10082026.pdf,NSE/Nifty press release,OFFICIAL_PRIMARY,Semi-annual broad-market review,REAL,APPLIED_REMOVE,Closed active interval at official effective date
NIFTYMICROCAP250,2026-08-10,2026-09-30,REMOVE,SKFINDIA,https://www.niftyindices.com/Press_Release/ind_prs10082026.pdf,NSE/Nifty press release,OFFICIAL_PRIMARY,Semi-annual broad-market review,REAL,APPLIED_REMOVE,Closed active interval at official effective date
NIFTYMICROCAP250,2026-08-10,2026-09-30,REMOVE,SKFINDUS,https://www.niftyindices.com/Press_Release/ind_prs10082026.pdf,NSE/Nifty press release,OFFICIAL_PRIMARY,Semi-annual broad-market review,REAL,APPLIED_REMOVE,Closed active interval at official effective date
NIFTYMICROCAP250,2026-08-10,2026-09-30,REMOVE,SMARTWORKS,https://www.niftyindices.com/Press_Release/ind_prs10082026.pdf,NSE/Nifty press release,OFFICIAL_PRIMARY,Semi-annual broad-market review,REAL,APPLIED_REMOVE,Closed active interval at official effective date
NIFTYMICROCAP250,2026-08-10,2026-09-30,REMOVE,STARCEMENT,https://www.niftyindices.com/Press_Release/ind_prs10082026.pdf,NSE/Nifty press release,OFFICIAL_PRIMARY,Semi-annual broad-market review,REAL,APPLIED_REMOVE,Closed active interval at official effective date
NIFTYMICROCAP250,2026-08-10,2026-09-30,REMOVE,STLTECH,https://www.niftyindices.com/Press_Release/ind_prs10082026.pdf,NSE/Nifty press release,OFFICIAL_PRIMARY,Semi-annual broad-market review,REAL,APPLIED_REMOVE,Closed active interval at official effective date
NIFTYMICROCAP250,2026-08-10,2026-09-30,REMOVE,STYL,https://www.niftyindices.com/Press_Release/ind_prs10082026.pdf,NSE/Nifty press release,OFFICIAL_PRIMARY,Semi-annual broad-market review,REAL,APPLIED_REMOVE,Closed active interval at official effective date
NIFTYMICROCAP250,2026-08-10,2026-09-30,REMOVE,STYRENIX,https://www.niftyindices.com/Press_Release/ind_prs10082026.pdf,NSE/Nifty press release,OFFICIAL_PRIMARY,Semi-annual broad-market review,REAL,APPLIED_REMOVE,Closed active interval at official effective date
NIFTYMICROCAP250,2026-08-10,2026-09-30,REMOVE,TDPOWERSYS,https://www.niftyindices.com/Press_Release/ind_prs10082026.pdf,NSE/Nifty press release,OFFICIAL_PRIMARY,Semi-annual broad-market review,REAL,APPLIED_REMOVE,Closed active interval at official effective date
NIFTYMICROCAP250,2026-08-10,2026-09-30,REMOVE,THANGAMAYL,https://www.niftyindices.com/Press_Release/ind_prs10082026.pdf,NSE/Nifty press release,OFFICIAL_PRIMARY,Semi-annual broad-market review,REAL,APPLIED_REMOVE,Closed active interval at official effective date
NIFTYMICROCAP250,2026-08-10,2026-09-30,REMOVE,TRIVENI,https://www.niftyindices.com/Press_Release/ind_prs10082026.pdf,NSE/Nifty press release,OFFICIAL_PRIMARY,Semi-annual broad-market review,REAL,APPLIED_REMOVE,Closed active interval at official effective date
NIFTYMICROCAP250,2026-08-10,2026-09-30,REMOVE,TSFINV,https://www.niftyindices.com/Press_Release/ind_prs10082026.pdf,NSE/Nifty press release,OFFICIAL_PRIMARY,Semi-annual broad-market review,REAL,APPLIED_REMOVE,Closed active interval at official effective date
NIFTYMICROCAP250,2026-08-10,2026-09-30,REMOVE,VARROC,https://www.niftyindices.com/Press_Release/ind_prs10082026.pdf,NSE/Nifty press release,OFFICIAL_PRIMARY,Semi-annual broad-market review,REAL,APPLIED_REMOVE,Closed active interval at official effective date
NIFTYMIDCAP150,2026-08-10,2026-09-30,REMOVE,3MINDIA,https://www.niftyindices.com/Press_Release/ind_prs10082026.pdf,NSE/Nifty press release,OFFICIAL_PRIMARY,Semi-annual broad-market review,REAL,APPLIED_REMOVE,Closed active interval at official effective date
NIFTYMIDCAP150,2026-08-10,2026-09-30,REMOVE,ACC,https://www.niftyindices.com/Press_Release/ind_prs10082026.pdf,NSE/Nifty press release,OFFICIAL_PRIMARY,Semi-annual broad-market review,REAL,APPLIED_REMOVE,Closed active interval at official effective date
NIFTYMIDCAP150,2026-08-10,2026-09-30,REMOVE,APOLLOTYRE,https://www.niftyindices.com/Press_Release/ind_prs10082026.pdf,NSE/Nifty press release,OFFICIAL_PRIMARY,Semi-annual broad-market review,REAL,APPLIED_REMOVE,Closed active interval at official effective date
NIFTYMIDCAP150,2026-08-10,2026-09-30,REMOVE,AWL,https://www.niftyindices.com/Press_Release/ind_prs10082026.pdf,NSE/Nifty press release,OFFICIAL_PRIMARY,Semi-annual broad-market review,REAL,APPLIED_REMOVE,Closed active interval at official effective date
NIFTYMIDCAP150,2026-08-10,2026-09-30,REMOVE,BSE,https://www.niftyindices.com/Press_Release/ind_prs10082026.pdf,NSE/Nifty press release,OFFICIAL_PRIMARY,Semi-annual broad-market review,REAL,APPLIED_REMOVE,Closed active interval at official effective date
NIFTYMIDCAP150,2026-08-10,2026-09-30,REMOVE,HONAUT,https://www.niftyindices.com/Press_Release/ind_prs10082026.pdf,NSE/Nifty press release,OFFICIAL_PRIMARY,Semi-annual broad-market review,REAL,APPLIED_REMOVE,Closed active interval at official effective date
NIFTYMIDCAP150,2026-08-10,2026-09-30,REMOVE,IDEA,https://www.niftyindices.com/Press_Release/ind_prs10082026.pdf,NSE/Nifty press release,OFFICIAL_PRIMARY,Semi-annual broad-market review,REAL,APPLIED_REMOVE,Closed active interval at official effective date
NIFTYMIDCAP150,2026-08-10,2026-09-30,REMOVE,KPITTECH,https://www.niftyindices.com/Press_Release/ind_prs10082026.pdf,NSE/Nifty press release,OFFICIAL_PRIMARY,Semi-annual broad-market review,REAL,APPLIED_REMOVE,Closed active interval at official effective date
NIFTYMIDCAP150,2026-08-10,2026-09-30,REMOVE,NIACL,https://www.niftyindices.com/Press_Release/ind_prs10082026.pdf,NSE/Nifty press release,OFFICIAL_PRIMARY,Semi-annual broad-market review,REAL,APPLIED_REMOVE,Closed active interval at official effective date
NIFTYMIDCAP150,2026-08-10,2026-09-30,REMOVE,POLYCAB,https://www.niftyindices.com/Press_Release/ind_prs10082026.pdf,NSE/Nifty press release,OFFICIAL_PRIMARY,Semi-annual broad-market review,REAL,APPLIED_REMOVE,Closed active interval at official effective date
NIFTYMIDCAP150,2026-08-10,2026-09-30,REMOVE,POWERINDIA,https://www.niftyindices.com/Press_Release/ind_prs10082026.pdf,NSE/Nifty press release,OFFICIAL_PRIMARY,Semi-annual broad-market review,REAL,APPLIED_REMOVE,Closed active interval at official effective date
NIFTYMIDCAP150,2026-08-10,2026-09-30,REMOVE,SJVN,https://www.niftyindices.com/Press_Release/ind_prs10082026.pdf,NSE/Nifty press release,OFFICIAL_PRIMARY,Semi-annual broad-market review,REAL,APPLIED_REMOVE,Closed active interval at official effective date
NIFTYMIDCAP150,2026-08-10,2026-09-30,REMOVE,TATAELXSI,https://www.niftyindices.com/Press_Release/ind_prs10082026.pdf,NSE/Nifty press release,OFFICIAL_PRIMARY,Semi-annual broad-market review,REAL,APPLIED_REMOVE,Closed active interval at official effective date
NIFTYNEXT50,2026-08-10,2026-09-30,REMOVE,INDHOTEL,https://www.niftyindices.com/Press_Release/ind_prs10082026.pdf,NSE/Nifty press release,OFFICIAL_PRIMARY,Semi-annual broad-market review,REAL,APPLIED_REMOVE,Closed active interval at official effective date
NIFTYNEXT50,2026-08-10,2026-09-30,REMOVE,LODHA,https://www.niftyindices.com/Press_Release/ind_prs10082026.pdf,NSE/Nifty press release,OFFICIAL_PRIMARY,Semi-annual broad-market review,REAL,APPLIED_REMOVE,Closed active interval at official effective date
NIFTYNEXT50,2026-08-10,2026-09-30,REMOVE,RECLTD,https://www.niftyindices.com/Press_Release/ind_prs10082026.pdf,NSE/Nifty press release,OFFICIAL_PRIMARY,Semi-annual broad-market review,REAL,APPLIED_REMOVE,Closed active interval at official effective date
NIFTYNEXT50,2026-08-10,2026-09-30,REMOVE,SHREECEM,https://www.niftyindices.com/Press_Release/ind_prs10082026.pdf,NSE/Nifty press release,OFFICIAL_PRIMARY,Semi-annual broad-market review,REAL,APPLIED_REMOVE,Closed active interval at official effective date
NIFTYNEXT50,2026-08-10,2026-09-30,REMOVE,UNITDSPR,https://www.niftyindices.com/Press_Release/ind_prs10082026.pdf,NSE/Nifty press release,OFFICIAL_PRIMARY,Semi-annual broad-market review,REAL,APPLIED_REMOVE,Closed active interval at official effective date
NIFTYSMALLCAP250,2026-08-10,2026-09-30,REMOVE,ABFRL,https://www.niftyindices.com/Press_Release/ind_prs10082026.pdf,NSE/Nifty press release,OFFICIAL_PRIMARY,Semi-annual broad-market review,REAL,APPLIED_REMOVE,Closed active interval at official effective date
NIFTYSMALLCAP250,2026-08-10,2026-09-30,REMOVE,ABLBL,https://www.niftyindices.com/Press_Release/ind_prs10082026.pdf,NSE/Nifty press release,OFFICIAL_PRIMARY,Semi-annual broad-market review,REAL,APPLIED_REMOVE,Closed active interval at official effective date
NIFTYSMALLCAP250,2026-08-10,2026-09-30,REMOVE,ASTERDM,https://www.niftyindices.com/Press_Release/ind_prs10082026.pdf,NSE/Nifty press release,OFFICIAL_PRIMARY,Semi-annual broad-market review,REAL,APPLIED_REMOVE,Closed active interval at official effective date
NIFTYSMALLCAP250,2026-08-10,2026-09-30,REMOVE,BAYERCROP,https://www.niftyindices.com/Press_Release/ind_prs10082026.pdf,NSE/Nifty press release,OFFICIAL_PRIMARY,Semi-annual broad-market review,REAL,APPLIED_REMOVE,Closed active interval at official effective date
NIFTYSMALLCAP250,2026-08-10,2026-09-30,REMOVE,BBTC,https://www.niftyindices.com/Press_Release/ind_prs10082026.pdf,NSE/Nifty press release,OFFICIAL_PRIMARY,Semi-annual broad-market review,REAL,APPLIED_REMOVE,Closed active interval at official effective date
NIFTYSMALLCAP250,2026-08-10,2026-09-30,REMOVE,BIKAJI,https://www.niftyindices.com/Press_Release/ind_prs10082026.pdf,NSE/Nifty press release,OFFICIAL_PRIMARY,Semi-annual broad-market review,REAL,APPLIED_REMOVE,Closed active interval at official effective date
NIFTYSMALLCAP250,2026-08-10,2026-09-30,REMOVE,BLUEDART,https://www.niftyindices.com/Press_Release/ind_prs10082026.pdf,NSE/Nifty press release,OFFICIAL_PRIMARY,Semi-annual broad-market review,REAL,APPLIED_REMOVE,Closed active interval at official effective date
NIFTYSMALLCAP250,2026-08-10,2026-09-30,REMOVE,BLUEJET,https://www.niftyindices.com/Press_Release/ind_prs10082026.pdf,NSE/Nifty press release,OFFICIAL_PRIMARY,Semi-annual broad-market review,REAL,APPLIED_REMOVE,Closed active interval at official effective date
NIFTYSMALLCAP250,2026-08-10,2026-09-30,REMOVE,CHALET,https://www.niftyindices.com/Press_Release/ind_prs10082026.pdf,NSE/Nifty press release,OFFICIAL_PRIMARY,Semi-annual broad-market review,REAL,APPLIED_REMOVE,Closed active interval at official effective date
NIFTYSMALLCAP250,2026-08-10,2026-09-30,REMOVE,DCMSHRIRAM,https://www.niftyindices.com/Press_Release/ind_prs10082026.pdf,NSE/Nifty press release,OFFICIAL_PRIMARY,Semi-annual broad-market review,REAL,APPLIED_REMOVE,Closed active interval at official effective date
NIFTYSMALLCAP250,2026-08-10,2026-09-30,REMOVE,ERIS,https://www.niftyindices.com/Press_Release/ind_prs10082026.pdf,NSE/Nifty press release,OFFICIAL_PRIMARY,Semi-annual broad-market review,REAL,APPLIED_REMOVE,Closed active interval at official effective date
NIFTYSMALLCAP250,2026-08-10,2026-09-30,REMOVE,FACT,https://www.niftyindices.com/Press_Release/ind_prs10082026.pdf,NSE/Nifty press release,OFFICIAL_PRIMARY,Semi-annual broad-market review,REAL,APPLIED_REMOVE,Closed active interval at official effective date
NIFTYSMALLCAP250,2026-08-10,2026-09-30,REMOVE,GODIGIT,https://www.niftyindices.com/Press_Release/ind_prs10082026.pdf,NSE/Nifty press release,OFFICIAL_PRIMARY,Semi-annual broad-market review,REAL,APPLIED_REMOVE,Closed active interval at official effective date
NIFTYSMALLCAP250,2026-08-10,2026-09-30,REMOVE,HINDCOPPER,https://www.niftyindices.com/Press_Release/ind_prs10082026.pdf,NSE/Nifty press release,OFFICIAL_PRIMARY,Semi-annual broad-market review,REAL,APPLIED_REMOVE,Closed active interval at official effective date
NIFTYSMALLCAP250,2026-08-10,2026-09-30,REMOVE,INDGN,https://www.niftyindices.com/Press_Release/ind_prs10082026.pdf,NSE/Nifty press release,OFFICIAL_PRIMARY,Semi-annual broad-market review,REAL,APPLIED_REMOVE,Closed active interval at official effective date
NIFTYSMALLCAP250,2026-08-10,2026-09-30,REMOVE,IOB,https://www.niftyindices.com/Press_Release/ind_prs10082026.pdf,NSE/Nifty press release,OFFICIAL_PRIMARY,Semi-annual broad-market review,REAL,APPLIED_REMOVE,Closed active interval at official effective date
NIFTYSMALLCAP250,2026-08-10,2026-09-30,REMOVE,JSWDULUX,https://www.niftyindices.com/Press_Release/ind_prs10082026.pdf,NSE/Nifty press release,OFFICIAL_PRIMARY,Semi-annual broad-market review,REAL,APPLIED_REMOVE,Closed active interval at official effective date
NIFTYSMALLCAP250,2026-08-10,2026-09-30,REMOVE,JUBLPHARMA,https://www.niftyindices.com/Press_Release/ind_prs10082026.pdf,NSE/Nifty press release,OFFICIAL_PRIMARY,Semi-annual broad-market review,REAL,APPLIED_REMOVE,Closed active interval at official effective date
NIFTYSMALLCAP250,2026-08-10,2026-09-30,REMOVE,LATENTVIEW,https://www.niftyindices.com/Press_Release/ind_prs10082026.pdf,NSE/Nifty press release,OFFICIAL_PRIMARY,Semi-annual broad-market review,REAL,APPLIED_REMOVE,Closed active interval at official effective date
NIFTYSMALLCAP250,2026-08-10,2026-09-30,REMOVE,MAPMYINDIA,https://www.niftyindices.com/Press_Release/ind_prs10082026.pdf,NSE/Nifty press release,OFFICIAL_PRIMARY,Semi-annual broad-market review,REAL,APPLIED_REMOVE,Closed active interval at official effective date
NIFTYSMALLCAP250,2026-08-10,2026-09-30,REMOVE,MEESHO,https://www.niftyindices.com/Press_Release/ind_prs10082026.pdf,NSE/Nifty press release,OFFICIAL_PRIMARY,Semi-annual broad-market review,REAL,APPLIED_REMOVE,Closed active interval at official effective date
NIFTYSMALLCAP250,2026-08-10,2026-09-30,REMOVE,NEWGEN,https://www.niftyindices.com/Press_Release/ind_prs10082026.pdf,NSE/Nifty press release,OFFICIAL_PRIMARY,Semi-annual broad-market review,REAL,APPLIED_REMOVE,Closed active interval at official effective date
NIFTYSMALLCAP250,2026-08-10,2026-09-30,REMOVE,NH,https://www.niftyindices.com/Press_Release/ind_prs10082026.pdf,NSE/Nifty press release,OFFICIAL_PRIMARY,Semi-annual broad-market review,REAL,APPLIED_REMOVE,Closed active interval at official effective date
NIFTYSMALLCAP250,2026-08-10,2026-09-30,REMOVE,NIVABUPA,https://www.niftyindices.com/Press_Release/ind_prs10082026.pdf,NSE/Nifty press release,OFFICIAL_PRIMARY,Semi-annual broad-market review,REAL,APPLIED_REMOVE,Closed active interval at official effective date
NIFTYSMALLCAP250,2026-08-10,2026-09-30,REMOVE,PFIZER,https://www.niftyindices.com/Press_Release/ind_prs10082026.pdf,NSE/Nifty press release,OFFICIAL_PRIMARY,Semi-annual broad-market review,REAL,APPLIED_REMOVE,Closed active interval at official effective date
NIFTYSMALLCAP250,2026-08-10,2026-09-30,REMOVE,PIRAMALFIN,https://www.niftyindices.com/Press_Release/ind_prs10082026.pdf,NSE/Nifty press release,OFFICIAL_PRIMARY,Semi-annual broad-market review,REAL,APPLIED_REMOVE,Closed active interval at official effective date
NIFTYSMALLCAP250,2026-08-10,2026-09-30,REMOVE,SAPPHIRE,https://www.niftyindices.com/Press_Release/ind_prs10082026.pdf,NSE/Nifty press release,OFFICIAL_PRIMARY,Semi-annual broad-market review,REAL,APPLIED_REMOVE,Closed active interval at official effective date
NIFTYSMALLCAP250,2026-08-10,2026-09-30,REMOVE,SAREGAMA,https://www.niftyindices.com/Press_Release/ind_prs10082026.pdf,NSE/Nifty press release,OFFICIAL_PRIMARY,Semi-annual broad-market review,REAL,APPLIED_REMOVE,Closed active interval at official effective date
NIFTYSMALLCAP250,2026-08-10,2026-09-30,REMOVE,SBFC,https://www.niftyindices.com/Press_Release/ind_prs10082026.pdf,NSE/Nifty press release,OFFICIAL_PRIMARY,Semi-annual broad-market review,REAL,APPLIED_REMOVE,Closed active interval at official effective date
NIFTYSMALLCAP250,2026-08-10,2026-09-30,REMOVE,SONATSOFTW,https://www.niftyindices.com/Press_Release/ind_prs10082026.pdf,NSE/Nifty press release,OFFICIAL_PRIMARY,Semi-annual broad-market review,REAL,APPLIED_REMOVE,Closed active interval at official effective date
NIFTYSMALLCAP250,2026-08-10,2026-09-30,REMOVE,SPLPETRO,https://www.niftyindices.com/Press_Release/ind_prs10082026.pdf,NSE/Nifty press release,OFFICIAL_PRIMARY,Semi-annual broad-market review,REAL,APPLIED_REMOVE,Closed active interval at official effective date
NIFTYSMALLCAP250,2026-08-10,2026-09-30,REMOVE,THELEELA,https://www.niftyindices.com/Press_Release/ind_prs10082026.pdf,NSE/Nifty press release,OFFICIAL_PRIMARY,Semi-annual broad-market review,REAL,APPLIED_REMOVE,Closed active interval at official effective date
NIFTYSMALLCAP250,2026-08-10,2026-09-30,REMOVE,TRAVELFOOD,https://www.niftyindices.com/Press_Release/ind_prs10082026.pdf,NSE/Nifty press release,OFFICIAL_PRIMARY,Semi-annual broad-market review,REAL,APPLIED_REMOVE,Closed active interval at official effective date
NIFTY50,2026-08-10,2026-09-30,ADD,BSE,https://www.niftyindices.com/Press_Release/ind_prs10082026.pdf,NSE/Nifty press release,OFFICIAL_PRIMARY,Semi-annual broad-market review,REAL,APPLIED_ADD,Created interval at official effective date
NIFTYMICROCAP250,2026-08-10,2026-09-30,ADD,ABFRL,https://www.niftyindices.com/Press_Release/ind_prs10082026.pdf,NSE/Nifty press release,OFFICIAL_PRIMARY,Semi-annual broad-market review,REAL,APPLIED_ADD,Created interval at official effective date
NIFTYMICROCAP250,2026-08-10,2026-09-30,ADD,ABLBL,https://www.niftyindices.com/Press_Release/ind_prs10082026.pdf,NSE/Nifty press release,OFFICIAL_PRIMARY,Semi-annual broad-market review,REAL,APPLIED_ADD,Created interval at official effective date
NIFTYMICROCAP250,2026-08-10,2026-09-30,ADD,AEROFLEX,https://www.niftyindices.com/Press_Release/ind_prs10082026.pdf,NSE/Nifty press release,OFFICIAL_PRIMARY,Semi-annual broad-market review,REAL,APPLIED_ADD,Created interval at official effective date
NIFTYMICROCAP250,2026-08-10,2026-09-30,ADD,AMAGI,https://www.niftyindices.com/Press_Release/ind_prs10082026.pdf,NSE/Nifty press release,OFFICIAL_PRIMARY,Semi-annual broad-market review,REAL,APPLIED_ADD,Created interval at official effective date
NIFTYMICROCAP250,2026-08-10,2026-09-30,ADD,BAJAJCON,https://www.niftyindices.com/Press_Release/ind_prs10082026.pdf,NSE/Nifty press release,OFFICIAL_PRIMARY,Semi-annual broad-market review,REAL,APPLIED_ADD,Created interval at official effective date
NIFTYMICROCAP250,2026-08-10,2026-09-30,ADD,BLUEJET,https://www.niftyindices.com/Press_Release/ind_prs10082026.pdf,NSE/Nifty press release,OFFICIAL_PRIMARY,Semi-annual broad-market review,REAL,APPLIED_ADD,Created interval at official effective date
NIFTYMICROCAP250,2026-08-10,2026-09-30,ADD,CEIGALL,https://www.niftyindices.com/Press_Release/ind_prs10082026.pdf,NSE/Nifty press release,OFFICIAL_PRIMARY,Semi-annual broad-market review,REAL,APPLIED_ADD,Created interval at official effective date
NIFTYMICROCAP250,2026-08-10,2026-09-30,ADD,CENTUM,https://www.niftyindices.com/Press_Release/ind_prs10082026.pdf,NSE/Nifty press release,OFFICIAL_PRIMARY,Semi-annual broad-market review,REAL,APPLIED_ADD,Created interval at official effective date
NIFTYMICROCAP250,2026-08-10,2026-09-30,ADD,CHALET,https://www.niftyindices.com/Press_Release/ind_prs10082026.pdf,NSE/Nifty press release,OFFICIAL_PRIMARY,Semi-annual broad-market review,REAL,APPLIED_ADD,Created interval at official effective date
NIFTYMICROCAP250,2026-08-10,2026-09-30,ADD,CMRGREEN,https://www.niftyindices.com/Press_Release/ind_prs10082026.pdf,NSE/Nifty press release,OFFICIAL_PRIMARY,Semi-annual broad-market review,REAL,APPLIED_ADD,Created interval at official effective date
NIFTYMICROCAP250,2026-08-10,2026-09-30,ADD,E2E,https://www.niftyindices.com/Press_Release/ind_prs10082026.pdf,NSE/Nifty press release,OFFICIAL_PRIMARY,Semi-annual broad-market review,REAL,APPLIED_ADD,Created interval at official effective date
NIFTYMICROCAP250,2026-08-10,2026-09-30,ADD,EBGNG,https://www.niftyindices.com/Press_Release/ind_prs10082026.pdf,NSE/Nifty press release,OFFICIAL_PRIMARY,Semi-annual broad-market review,REAL,APPLIED_ADD,Created interval at official effective date
NIFTYMICROCAP250,2026-08-10,2026-09-30,ADD,ERIS,https://www.niftyindices.com/Press_Release/ind_prs10082026.pdf,NSE/Nifty press release,OFFICIAL_PRIMARY,Semi-annual broad-market review,REAL,APPLIED_ADD,Created interval at official effective date
NIFTYMICROCAP250,2026-08-10,2026-09-30,ADD,GENUSPOWER,https://www.niftyindices.com/Press_Release/ind_prs10082026.pdf,NSE/Nifty press release,OFFICIAL_PRIMARY,Semi-annual broad-market review,REAL,APPLIED_ADD,Created interval at official effective date
NIFTYMICROCAP250,2026-08-10,2026-09-30,ADD,GOLDIAM,https://www.niftyindices.com/Press_Release/ind_prs10082026.pdf,NSE/Nifty press release,OFFICIAL_PRIMARY,Semi-annual broad-market review,REAL,APPLIED_ADD,Created interval at official effective date
NIFTYMICROCAP250,2026-08-10,2026-09-30,ADD,GUJALKALI,https://www.niftyindices.com/Press_Release/ind_prs10082026.pdf,NSE/Nifty press release,OFFICIAL_PRIMARY,Semi-annual broad-market review,REAL,APPLIED_ADD,Created interval at official effective date
NIFTYMICROCAP250,2026-08-10,2026-09-30,ADD,HAPPYFORGE,https://www.niftyindices.com/Press_Release/ind_prs10082026.pdf,NSE/Nifty press release,OFFICIAL_PRIMARY,Semi-annual broad-market review,REAL,APPLIED_ADD,Created interval at official effective date
NIFTYMICROCAP250,2026-08-10,2026-09-30,ADD,INDGN,https://www.niftyindices.com/Press_Release/ind_prs10082026.pdf,NSE/Nifty press release,OFFICIAL_PRIMARY,Semi-annual broad-market review,REAL,APPLIED_ADD,Created interval at official effective date
NIFTYMICROCAP250,2026-08-10,2026-09-30,ADD,JUBLPHARMA,https://www.niftyindices.com/Press_Release/ind_prs10082026.pdf,NSE/Nifty press release,OFFICIAL_PRIMARY,Semi-annual broad-market review,REAL,APPLIED_ADD,Created interval at official effective date
NIFTYMICROCAP250,2026-08-10,2026-09-30,ADD,KISSHT,https://www.niftyindices.com/Press_Release/ind_prs10082026.pdf,NSE/Nifty press release,OFFICIAL_PRIMARY,Semi-annual broad-market review,REAL,APPLIED_ADD,Created interval at official effective date
NIFTYMICROCAP250,2026-08-10,2026-09-30,ADD,KMEW,https://www.niftyindices.com/Press_Release/ind_prs10082026.pdf,NSE/Nifty press release,OFFICIAL_PRIMARY,Semi-annual broad-market review,REAL,APPLIED_ADD,Created interval at official effective date
NIFTYMICROCAP250,2026-08-10,2026-09-30,ADD,KWIL,https://www.niftyindices.com/Press_Release/ind_prs10082026.pdf,NSE/Nifty press release,OFFICIAL_PRIMARY,Semi-annual broad-market review,REAL,APPLIED_ADD,Created interval at official effective date
NIFTYMICROCAP250,2026-08-10,2026-09-30,ADD,LATENTVIEW,https://www.niftyindices.com/Press_Release/ind_prs10082026.pdf,NSE/Nifty press release,OFFICIAL_PRIMARY,Semi-annual broad-market review,REAL,APPLIED_ADD,Created interval at official effective date
NIFTYMICROCAP250,2026-08-10,2026-09-30,ADD,LUMAXIND,https://www.niftyindices.com/Press_Release/ind_prs10082026.pdf,NSE/Nifty press release,OFFICIAL_PRIMARY,Semi-annual broad-market review,REAL,APPLIED_ADD,Created interval at official effective date
NIFTYMICROCAP250,2026-08-10,2026-09-30,ADD,MAPMYINDIA,https://www.niftyindices.com/Press_Release/ind_prs10082026.pdf,NSE/Nifty press release,OFFICIAL_PRIMARY,Semi-annual broad-market review,REAL,APPLIED_ADD,Created interval at official effective date
NIFTYMICROCAP250,2026-08-10,2026-09-30,ADD,MBAPL,https://www.niftyindices.com/Press_Release/ind_prs10082026.pdf,NSE/Nifty press release,OFFICIAL_PRIMARY,Semi-annual broad-market review,REAL,APPLIED_ADD,Created interval at official effective date
NIFTYMICROCAP250,2026-08-10,2026-09-30,ADD,NEPHROPLUS,https://www.niftyindices.com/Press_Release/ind_prs10082026.pdf,NSE/Nifty press release,OFFICIAL_PRIMARY,Semi-annual broad-market review,REAL,APPLIED_ADD,Created interval at official effective date
NIFTYMICROCAP250,2026-08-10,2026-09-30,ADD,NEWGEN,https://www.niftyindices.com/Press_Release/ind_prs10082026.pdf,NSE/Nifty press release,OFFICIAL_PRIMARY,Semi-annual broad-market review,REAL,APPLIED_ADD,Created interval at official effective date
NIFTYMICROCAP250,2026-08-10,2026-09-30,ADD,NIVABUPA,https://www.niftyindices.com/Press_Release/ind_prs10082026.pdf,NSE/Nifty press release,OFFICIAL_PRIMARY,Semi-annual broad-market review,REAL,APPLIED_ADD,Created interval at official effective date
NIFTYMICROCAP250,2026-08-10,2026-09-30,ADD,NORTHARC,https://www.niftyindices.com/Press_Release/ind_prs10082026.pdf,NSE/Nifty press release,OFFICIAL_PRIMARY,Semi-annual broad-market review,REAL,APPLIED_ADD,Created interval at official effective date
NIFTYMICROCAP250,2026-08-10,2026-09-30,ADD,OMNI,https://www.niftyindices.com/Press_Release/ind_prs10082026.pdf,NSE/Nifty press release,OFFICIAL_PRIMARY,Semi-annual broad-market review,REAL,APPLIED_ADD,Created interval at official effective date
NIFTYMICROCAP250,2026-08-10,2026-09-30,ADD,PAISALO,https://www.niftyindices.com/Press_Release/ind_prs10082026.pdf,NSE/Nifty press release,OFFICIAL_PRIMARY,Semi-annual broad-market review,REAL,APPLIED_ADD,Created interval at official effective date
NIFTYMICROCAP250,2026-08-10,2026-09-30,ADD,PDSL,https://www.niftyindices.com/Press_Release/ind_prs10082026.pdf,NSE/Nifty press release,OFFICIAL_PRIMARY,Semi-annual broad-market review,REAL,APPLIED_ADD,Created interval at official effective date
NIFTYMICROCAP250,2026-08-10,2026-09-30,ADD,PGHL,https://www.niftyindices.com/Press_Release/ind_prs10082026.pdf,NSE/Nifty press release,OFFICIAL_PRIMARY,Semi-annual broad-market review,REAL,APPLIED_ADD,Created interval at official effective date
NIFTYMICROCAP250,2026-08-10,2026-09-30,ADD,POWERICA,https://www.niftyindices.com/Press_Release/ind_prs10082026.pdf,NSE/Nifty press release,OFFICIAL_PRIMARY,Semi-annual broad-market review,REAL,APPLIED_ADD,Created interval at official effective date
NIFTYMICROCAP250,2026-08-10,2026-09-30,ADD,PRECWIRE,https://www.niftyindices.com/Press_Release/ind_prs10082026.pdf,NSE/Nifty press release,OFFICIAL_PRIMARY,Semi-annual broad-market review,REAL,APPLIED_ADD,Created interval at official effective date
NIFTYMICROCAP250,2026-08-10,2026-09-30,ADD,RESPONIND,https://www.niftyindices.com/Press_Release/ind_prs10082026.pdf,NSE/Nifty press release,OFFICIAL_PRIMARY,Semi-annual broad-market review,REAL,APPLIED_ADD,Created interval at official effective date
NIFTYMICROCAP250,2026-08-10,2026-09-30,ADD,SAPPHIRE,https://www.niftyindices.com/Press_Release/ind_prs10082026.pdf,NSE/Nifty press release,OFFICIAL_PRIMARY,Semi-annual broad-market review,REAL,APPLIED_ADD,Created interval at official effective date
NIFTYMICROCAP250,2026-08-10,2026-09-30,ADD,SAREGAMA,https://www.niftyindices.com/Press_Release/ind_prs10082026.pdf,NSE/Nifty press release,OFFICIAL_PRIMARY,Semi-annual broad-market review,REAL,APPLIED_ADD,Created interval at official effective date
NIFTYMICROCAP250,2026-08-10,2026-09-30,ADD,SBFC,https://www.niftyindices.com/Press_Release/ind_prs10082026.pdf,NSE/Nifty press release,OFFICIAL_PRIMARY,Semi-annual broad-market review,REAL,APPLIED_ADD,Created interval at official effective date
NIFTYMICROCAP250,2026-08-10,2026-09-30,ADD,SEDEMAC,https://www.niftyindices.com/Press_Release/ind_prs10082026.pdf,NSE/Nifty press release,OFFICIAL_PRIMARY,Semi-annual broad-market review,REAL,APPLIED_ADD,Created interval at official effective date
NIFTYMICROCAP250,2026-08-10,2026-09-30,ADD,SENORES,https://www.niftyindices.com/Press_Release/ind_prs10082026.pdf,NSE/Nifty press release,OFFICIAL_PRIMARY,Semi-annual broad-market review,REAL,APPLIED_ADD,Created interval at official effective date
NIFTYMICROCAP250,2026-08-10,2026-09-30,ADD,SGMART,https://www.niftyindices.com/Press_Release/ind_prs10082026.pdf,NSE/Nifty press release,OFFICIAL_PRIMARY,Semi-annual broad-market review,REAL,APPLIED_ADD,Created interval at official effective date
NIFTYMICROCAP250,2026-08-10,2026-09-30,ADD,SHADOWFAX,https://www.niftyindices.com/Press_Release/ind_prs10082026.pdf,NSE/Nifty press release,OFFICIAL_PRIMARY,Semi-annual broad-market review,REAL,APPLIED_ADD,Created interval at official effective date
NIFTYMICROCAP250,2026-08-10,2026-09-30,ADD,SHILCTECH,https://www.niftyindices.com/Press_Release/ind_prs10082026.pdf,NSE/Nifty press release,OFFICIAL_PRIMARY,Semi-annual broad-market review,REAL,APPLIED_ADD,Created interval at official effective date
NIFTYMICROCAP250,2026-08-10,2026-09-30,ADD,SHREEJISPG,https://www.niftyindices.com/Press_Release/ind_prs10082026.pdf,NSE/Nifty press release,OFFICIAL_PRIMARY,Semi-annual broad-market review,REAL,APPLIED_ADD,Created interval at official effective date
NIFTYMICROCAP250,2026-08-10,2026-09-30,ADD,SIGMAADV,https://www.niftyindices.com/Press_Release/ind_prs10082026.pdf,NSE/Nifty press release,OFFICIAL_PRIMARY,Semi-annual broad-market review,REAL,APPLIED_ADD,Created interval at official effective date
NIFTYMICROCAP250,2026-08-10,2026-09-30,ADD,SJS,https://www.niftyindices.com/Press_Release/ind_prs10082026.pdf,NSE/Nifty press release,OFFICIAL_PRIMARY,Semi-annual broad-market review,REAL,APPLIED_ADD,Created interval at official effective date
NIFTYMICROCAP250,2026-08-10,2026-09-30,ADD,SONATSOFTW,https://www.niftyindices.com/Press_Release/ind_prs10082026.pdf,NSE/Nifty press release,OFFICIAL_PRIMARY,Semi-annual broad-market review,REAL,APPLIED_ADD,Created interval at official effective date
NIFTYMICROCAP250,2026-08-10,2026-09-30,ADD,SPLPETRO,https://www.niftyindices.com/Press_Release/ind_prs10082026.pdf,NSE/Nifty press release,OFFICIAL_PRIMARY,Semi-annual broad-market review,REAL,APPLIED_ADD,Created interval at official effective date
NIFTYMICROCAP250,2026-08-10,2026-09-30,ADD,STYLAMIND,https://www.niftyindices.com/Press_Release/ind_prs10082026.pdf,NSE/Nifty press release,OFFICIAL_PRIMARY,Semi-annual broad-market review,REAL,APPLIED_ADD,Created interval at official effective date
NIFTYMICROCAP250,2026-08-10,2026-09-30,ADD,SUNDRMFAST,https://www.niftyindices.com/Press_Release/ind_prs10082026.pdf,NSE/Nifty press release,OFFICIAL_PRIMARY,Semi-annual broad-market review,REAL,APPLIED_ADD,Created interval at official effective date
NIFTYMICROCAP250,2026-08-10,2026-09-30,ADD,SUNFLAG,https://www.niftyindices.com/Press_Release/ind_prs10082026.pdf,NSE/Nifty press release,OFFICIAL_PRIMARY,Semi-annual broad-market review,REAL,APPLIED_ADD,Created interval at official effective date
NIFTYMICROCAP250,2026-08-10,2026-09-30,ADD,SUVEN,https://www.niftyindices.com/Press_Release/ind_prs10082026.pdf,NSE/Nifty press release,OFFICIAL_PRIMARY,Semi-annual broad-market review,REAL,APPLIED_ADD,Created interval at official effective date
NIFTYMICROCAP250,2026-08-10,2026-09-30,ADD,THELEELA,https://www.niftyindices.com/Press_Release/ind_prs10082026.pdf,NSE/Nifty press release,OFFICIAL_PRIMARY,Semi-annual broad-market review,REAL,APPLIED_ADD,Created interval at official effective date
NIFTYMICROCAP250,2026-08-10,2026-09-30,ADD,TIMEX,https://www.niftyindices.com/Press_Release/ind_prs10082026.pdf,NSE/Nifty press release,OFFICIAL_PRIMARY,Semi-annual broad-market review,REAL,APPLIED_ADD,Created interval at official effective date
NIFTYMICROCAP250,2026-08-10,2026-09-30,ADD,TTKPRESTIG,https://www.niftyindices.com/Press_Release/ind_prs10082026.pdf,NSE/Nifty press release,OFFICIAL_PRIMARY,Semi-annual broad-market review,REAL,APPLIED_ADD,Created interval at official effective date
NIFTYMICROCAP250,2026-08-10,2026-09-30,ADD,UNIMECH,https://www.niftyindices.com/Press_Release/ind_prs10082026.pdf,NSE/Nifty press release,OFFICIAL_PRIMARY,Semi-annual broad-market review,REAL,APPLIED_ADD,Created interval at official effective date
NIFTYMICROCAP250,2026-08-10,2026-09-30,ADD,VESUVIUS,https://www.niftyindices.com/Press_Release/ind_prs10082026.pdf,NSE/Nifty press release,OFFICIAL_PRIMARY,Semi-annual broad-market review,REAL,APPLIED_ADD,Created interval at official effective date
NIFTYMIDCAP150,2026-08-10,2026-09-30,ADD,ASTERDM,https://www.niftyindices.com/Press_Release/ind_prs10082026.pdf,NSE/Nifty press release,OFFICIAL_PRIMARY,Semi-annual broad-market review,REAL,APPLIED_ADD,Created interval at official effective date
NIFTYMIDCAP150,2026-08-10,2026-09-30,ADD,EMBASSY,https://www.niftyindices.com/Press_Release/ind_prs10082026.pdf,NSE/Nifty press release,OFFICIAL_PRIMARY,Semi-annual broad-market review,REAL,APPLIED_ADD,Created interval at official effective date
NIFTYMIDCAP150,2026-08-10,2026-09-30,ADD,FACT,https://www.niftyindices.com/Press_Release/ind_prs10082026.pdf,NSE/Nifty press release,OFFICIAL_PRIMARY,Semi-annual broad-market review,REAL,APPLIED_ADD,Created interval at official effective date
NIFTYMIDCAP150,2026-08-10,2026-09-30,ADD,HINDCOPPER,https://www.niftyindices.com/Press_Release/ind_prs10082026.pdf,NSE/Nifty press release,OFFICIAL_PRIMARY,Semi-annual broad-market review,REAL,APPLIED_ADD,Created interval at official effective date
NIFTYMIDCAP150,2026-08-10,2026-09-30,ADD,INDHOTEL,https://www.niftyindices.com/Press_Release/ind_prs10082026.pdf,NSE/Nifty press release,OFFICIAL_PRIMARY,Semi-annual broad-market review,REAL,APPLIED_ADD,Created interval at official effective date
NIFTYMIDCAP150,2026-08-10,2026-09-30,ADD,IOB,https://www.niftyindices.com/Press_Release/ind_prs10082026.pdf,NSE/Nifty press release,OFFICIAL_PRIMARY,Semi-annual broad-market review,REAL,APPLIED_ADD,Created interval at official effective date
NIFTYMIDCAP150,2026-08-10,2026-09-30,ADD,LODHA,https://www.niftyindices.com/Press_Release/ind_prs10082026.pdf,NSE/Nifty press release,OFFICIAL_PRIMARY,Semi-annual broad-market review,REAL,APPLIED_ADD,Created interval at official effective date
NIFTYMIDCAP150,2026-08-10,2026-09-30,ADD,MEESHO,https://www.niftyindices.com/Press_Release/ind_prs10082026.pdf,NSE/Nifty press release,OFFICIAL_PRIMARY,Semi-annual broad-market review,REAL,APPLIED_ADD,Created interval at official effective date
NIFTYMIDCAP150,2026-08-10,2026-09-30,ADD,NH,https://www.niftyindices.com/Press_Release/ind_prs10082026.pdf,NSE/Nifty press release,OFFICIAL_PRIMARY,Semi-annual broad-market review,REAL,APPLIED_ADD,Created interval at official effective date
NIFTYMIDCAP150,2026-08-10,2026-09-30,ADD,PIRAMALFIN,https://www.niftyindices.com/Press_Release/ind_prs10082026.pdf,NSE/Nifty press release,OFFICIAL_PRIMARY,Semi-annual broad-market review,REAL,APPLIED_ADD,Created interval at official effective date
NIFTYMIDCAP150,2026-08-10,2026-09-30,ADD,RECLTD,https://www.niftyindices.com/Press_Release/ind_prs10082026.pdf,NSE/Nifty press release,OFFICIAL_PRIMARY,Semi-annual broad-market review,REAL,APPLIED_ADD,Created interval at official effective date
NIFTYMIDCAP150,2026-08-10,2026-09-30,ADD,SHREECEM,https://www.niftyindices.com/Press_Release/ind_prs10082026.pdf,NSE/Nifty press release,OFFICIAL_PRIMARY,Semi-annual broad-market review,REAL,APPLIED_ADD,Created interval at official effective date
NIFTYMIDCAP150,2026-08-10,2026-09-30,ADD,UNITDSPR,https://www.niftyindices.com/Press_Release/ind_prs10082026.pdf,NSE/Nifty press release,OFFICIAL_PRIMARY,Semi-annual broad-market review,REAL,APPLIED_ADD,Created interval at official effective date
NIFTYNEXT50,2026-08-10,2026-09-30,ADD,IDEA,https://www.niftyindices.com/Press_Release/ind_prs10082026.pdf,NSE/Nifty press release,OFFICIAL_PRIMARY,Semi-annual broad-market review,REAL,APPLIED_ADD,Created interval at official effective date
NIFTYNEXT50,2026-08-10,2026-09-30,ADD,POLYCAB,https://www.niftyindices.com/Press_Release/ind_prs10082026.pdf,NSE/Nifty press release,OFFICIAL_PRIMARY,Semi-annual broad-market review,REAL,APPLIED_ADD,Created interval at official effective date
NIFTYNEXT50,2026-08-10,2026-09-30,ADD,POWERINDIA,https://www.niftyindices.com/Press_Release/ind_prs10082026.pdf,NSE/Nifty press release,OFFICIAL_PRIMARY,Semi-annual broad-market review,REAL,APPLIED_ADD,Created interval at official effective date
NIFTYNEXT50,2026-08-10,2026-09-30,ADD,VAML,https://www.niftyindices.com/Press_Release/ind_prs10082026.pdf,NSE/Nifty press release,OFFICIAL_PRIMARY,Semi-annual broad-market review,REAL,APPLIED_ADD,Created interval at official effective date
NIFTYNEXT50,2026-08-10,2026-09-30,ADD,WIPRO,https://www.niftyindices.com/Press_Release/ind_prs10082026.pdf,NSE/Nifty press release,OFFICIAL_PRIMARY,Semi-annual broad-market review,REAL,APPLIED_ADD,Created interval at official effective date
NIFTYSMALLCAP250,2026-08-10,2026-09-30,ADD,ACC,https://www.niftyindices.com/Press_Release/ind_prs10082026.pdf,NSE/Nifty press release,OFFICIAL_PRIMARY,Semi-annual broad-market review,REAL,APPLIED_ADD,Created interval at official effective date
NIFTYSMALLCAP250,2026-08-10,2026-09-30,ADD,AETHER,https://www.niftyindices.com/Press_Release/ind_prs10082026.pdf,NSE/Nifty press release,OFFICIAL_PRIMARY,Semi-annual broad-market review,REAL,APPLIED_ADD,Created interval at official effective date
NIFTYSMALLCAP250,2026-08-10,2026-09-30,ADD,APOLLOTYRE,https://www.niftyindices.com/Press_Release/ind_prs10082026.pdf,NSE/Nifty press release,OFFICIAL_PRIMARY,Semi-annual broad-market review,REAL,APPLIED_ADD,Created interval at official effective date
NIFTYSMALLCAP250,2026-08-10,2026-09-30,ADD,AVANTIFEED,https://www.niftyindices.com/Press_Release/ind_prs10082026.pdf,NSE/Nifty press release,OFFICIAL_PRIMARY,Semi-annual broad-market review,REAL,APPLIED_ADD,Created interval at official effective date
NIFTYSMALLCAP250,2026-08-10,2026-09-30,ADD,AWL,https://www.niftyindices.com/Press_Release/ind_prs10082026.pdf,NSE/Nifty press release,OFFICIAL_PRIMARY,Semi-annual broad-market review,REAL,APPLIED_ADD,Created interval at official effective date
NIFTYSMALLCAP250,2026-08-10,2026-09-30,ADD,AZAD,https://www.niftyindices.com/Press_Release/ind_prs10082026.pdf,NSE/Nifty press release,OFFICIAL_PRIMARY,Semi-annual broad-market review,REAL,APPLIED_ADD,Created interval at official effective date
NIFTYSMALLCAP250,2026-08-10,2026-09-30,ADD,BAGMANE,https://www.niftyindices.com/Press_Release/ind_prs10082026.pdf,NSE/Nifty press release,OFFICIAL_PRIMARY,Semi-annual broad-market review,REAL,APPLIED_ADD,Created interval at official effective date
NIFTYSMALLCAP250,2026-08-10,2026-09-30,ADD,BBOX,https://www.niftyindices.com/Press_Release/ind_prs10082026.pdf,NSE/Nifty press release,OFFICIAL_PRIMARY,Semi-annual broad-market review,REAL,APPLIED_ADD,Created interval at official effective date
NIFTYSMALLCAP250,2026-08-10,2026-09-30,ADD,BHARATCOAL,https://www.niftyindices.com/Press_Release/ind_prs10082026.pdf,NSE/Nifty press release,OFFICIAL_PRIMARY,Semi-annual broad-market review,REAL,APPLIED_ADD,Created interval at official effective date
NIFTYSMALLCAP250,2026-08-10,2026-09-30,ADD,BIRET,https://www.niftyindices.com/Press_Release/ind_prs10082026.pdf,NSE/Nifty press release,OFFICIAL_PRIMARY,Semi-annual broad-market review,REAL,APPLIED_ADD,Created interval at official effective date
NIFTYSMALLCAP250,2026-08-10,2026-09-30,ADD,CLEANMAX,https://www.niftyindices.com/Press_Release/ind_prs10082026.pdf,NSE/Nifty press release,OFFICIAL_PRIMARY,Semi-annual broad-market review,REAL,APPLIED_ADD,Created interval at official effective date
NIFTYSMALLCAP250,2026-08-10,2026-09-30,ADD,CMPDI,https://www.niftyindices.com/Press_Release/ind_prs10082026.pdf,NSE/Nifty press release,OFFICIAL_PRIMARY,Semi-annual broad-market review,REAL,APPLIED_ADD,Created interval at official effective date
NIFTYSMALLCAP250,2026-08-10,2026-09-30,ADD,CUPID,https://www.niftyindices.com/Press_Release/ind_prs10082026.pdf,NSE/Nifty press release,OFFICIAL_PRIMARY,Semi-annual broad-market review,REAL,APPLIED_ADD,Created interval at official effective date
NIFTYSMALLCAP250,2026-08-10,2026-09-30,ADD,FRACTAL,https://www.niftyindices.com/Press_Release/ind_prs10082026.pdf,NSE/Nifty press release,OFFICIAL_PRIMARY,Semi-annual broad-market review,REAL,APPLIED_ADD,Created interval at official effective date
NIFTYSMALLCAP250,2026-08-10,2026-09-30,ADD,HONAUT,https://www.niftyindices.com/Press_Release/ind_prs10082026.pdf,NSE/Nifty press release,OFFICIAL_PRIMARY,Semi-annual broad-market review,REAL,APPLIED_ADD,Created interval at official effective date
NIFTYSMALLCAP250,2026-08-10,2026-09-30,ADD,INOXINDIA,https://www.niftyindices.com/Press_Release/ind_prs10082026.pdf,NSE/Nifty press release,OFFICIAL_PRIMARY,Semi-annual broad-market review,REAL,APPLIED_ADD,Created interval at official effective date
NIFTYSMALLCAP250,2026-08-10,2026-09-30,ADD,KIRLOSBROS,https://www.niftyindices.com/Press_Release/ind_prs10082026.pdf,NSE/Nifty press release,OFFICIAL_PRIMARY,Semi-annual broad-market review,REAL,APPLIED_ADD,Created interval at official effective date
NIFTYSMALLCAP250,2026-08-10,2026-09-30,ADD,KPITTECH,https://www.niftyindices.com/Press_Release/ind_prs10082026.pdf,NSE/Nifty press release,OFFICIAL_PRIMARY,Semi-annual broad-market review,REAL,APPLIED_ADD,Created interval at official effective date
NIFTYSMALLCAP250,2026-08-10,2026-09-30,ADD,KSB,https://www.niftyindices.com/Press_Release/ind_prs10082026.pdf,NSE/Nifty press release,OFFICIAL_PRIMARY,Semi-annual broad-market review,REAL,APPLIED_ADD,Created interval at official effective date
NIFTYSMALLCAP250,2026-08-10,2026-09-30,ADD,MTARTECH,https://www.niftyindices.com/Press_Release/ind_prs10082026.pdf,NSE/Nifty press release,OFFICIAL_PRIMARY,Semi-annual broad-market review,REAL,APPLIED_ADD,Created interval at official effective date
NIFTYSMALLCAP250,2026-08-10,2026-09-30,ADD,NIACL,https://www.niftyindices.com/Press_Release/ind_prs10082026.pdf,NSE/Nifty press release,OFFICIAL_PRIMARY,Semi-annual broad-market review,REAL,APPLIED_ADD,Created interval at official effective date
NIFTYSMALLCAP250,2026-08-10,2026-09-30,ADD,PRIVISCL,https://www.niftyindices.com/Press_Release/ind_prs10082026.pdf,NSE/Nifty press release,OFFICIAL_PRIMARY,Semi-annual broad-market review,REAL,APPLIED_ADD,Created interval at official effective date
NIFTYSMALLCAP250,2026-08-10,2026-09-30,ADD,RUBICON,https://www.niftyindices.com/Press_Release/ind_prs10082026.pdf,NSE/Nifty press release,OFFICIAL_PRIMARY,Semi-annual broad-market review,REAL,APPLIED_ADD,Created interval at official effective date
NIFTYSMALLCAP250,2026-08-10,2026-09-30,ADD,SANSERA,https://www.niftyindices.com/Press_Release/ind_prs10082026.pdf,NSE/Nifty press release,OFFICIAL_PRIMARY,Semi-annual broad-market review,REAL,APPLIED_ADD,Created interval at official effective date
NIFTYSMALLCAP250,2026-08-10,2026-09-30,ADD,SHRIPISTON,https://www.niftyindices.com/Press_Release/ind_prs10082026.pdf,NSE/Nifty press release,OFFICIAL_PRIMARY,Semi-annual broad-market review,REAL,APPLIED_ADD,Created interval at official effective date
NIFTYSMALLCAP250,2026-08-10,2026-09-30,ADD,SJVN,https://www.niftyindices.com/Press_Release/ind_prs10082026.pdf,NSE/Nifty press release,OFFICIAL_PRIMARY,Semi-annual broad-market review,REAL,APPLIED_ADD,Created interval at official effective date
NIFTYSMALLCAP250,2026-08-10,2026-09-30,ADD,STLTECH,https://www.niftyindices.com/Press_Release/ind_prs10082026.pdf,NSE/Nifty press release,OFFICIAL_PRIMARY,Semi-annual broad-market review,REAL,APPLIED_ADD,Created interval at official effective date
NIFTYSMALLCAP250,2026-08-10,2026-09-30,ADD,TATAELXSI,https://www.niftyindices.com/Press_Release/ind_prs10082026.pdf,NSE/Nifty press release,OFFICIAL_PRIMARY,Semi-annual broad-market review,REAL,APPLIED_ADD,Created interval at official effective date
NIFTYSMALLCAP250,2026-08-10,2026-09-30,ADD,TDPOWERSYS,https://www.niftyindices.com/Press_Release/ind_prs10082026.pdf,NSE/Nifty press release,OFFICIAL_PRIMARY,Semi-annual broad-market review,REAL,APPLIED_ADD,Created interval at official effective date
NIFTYSMALLCAP250,2026-08-10,2026-09-30,ADD,THANGAMAYL,https://www.niftyindices.com/Press_Release/ind_prs10082026.pdf,NSE/Nifty press release,OFFICIAL_PRIMARY,Semi-annual broad-market review,REAL,APPLIED_ADD,Created interval at official effective date
NIFTYSMALLCAP250,2026-08-10,2026-09-30,ADD,VEDPOWER,https://www.niftyindices.com/Press_Release/ind_prs10082026.pdf,NSE/Nifty press release,OFFICIAL_PRIMARY,Semi-annual broad-market review,REAL,APPLIED_ADD,Created interval at official effective date
NIFTYSMALLCAP250,2026-08-10,2026-09-30,ADD,VISL,https://www.niftyindices.com/Press_Release/ind_prs10082026.pdf,NSE/Nifty press release,OFFICIAL_PRIMARY,Semi-annual broad-market review,REAL,APPLIED_ADD,Created interval at official effective date
NIFTYSMALLCAP250,2026-08-10,2026-09-30,ADD,VOGL,https://www.niftyindices.com/Press_Release/ind_prs10082026.pdf,NSE/Nifty press release,OFFICIAL_PRIMARY,Semi-annual broad-market review,REAL,APPLIED_ADD,Created interval at official effective date
